{
  "Belarus": 5182.6304041438625,
  "Philippines": 1831.974485724917,
  "Morocco": 2906.5981362675357,
  "Kyrgyzstan": 871.2182974844129,
  "Afghanistan": 450.6592390449942,
  "Nicaragua": 1420.1051660687294,
  "Bonaire, Sint Eustatius and Saba": 0,
  "Haiti": 662.5860588238925,
  "France": 40487.917307105505,
  "Taiwan, Province of China": 0,
  "Puerto Rico": 25497.15138180039,
  "Cape Verde": 3524.330352748325,
  "Djibouti": 0,
  "Cayman Islands": 0,
  "Latvia": 12082.06368491116,
  "Bangladesh": 597.711802911515,
  "Bosnia and Herzegovina": 4433.146178708408,
  "Bouvet Island": 0,
  "Panama": 6682.502518082905,
  "Falkland Islands (Malvinas)": 0,
  "Syrian Arab Republic": 0,
  "Uzbekistan": 1181.8473596006577,
  "Burundi": 194.8966661301533,
  "Guyana": 2593.370619844595,
  "Kiribati": 1320.4800302330584,
  "Mexico": 7690.546308050096,
  "Canada": 39775.03652330484,
  "Marshall Islands": 2895.6416266699716,
  "Iceland": 38039.29962868329,
  "Côte d'Ivoire": 1238.7081339739198,
  "Guadeloupe": 0,
  "Barbados": 16460.757116334415,
  "Lebanon": 8159.021981240234,
  "Lesotho": 862.7867206551022,
  "Norfolk Island": 0,
  "El Salvador": 3341.320200715325,
  "Liechtenstein": 134617.37960905136,
  "Macao": 40859.98718044446,
  "Virgin Islands, British": 0,
  "Saint Pierre and Miquelon": 0,
  "Saint Martin (French part)": 0,
  "Central African Republic": 464.51323130114594,
  "Congo, the Democratic Republic of the": 185.23223762142837,
  "Slovenia": 24051.03607057091,
  "Montserrat": 0,
  "Burkina Faso": 553.042374261364,
  "Mongolia": 1715.3637354983998,
  "Guatemala": 2697.3924839279657,
  "British Indian Ocean Territory": 0,
  "Timor-Leste": 744.727139074888,
  "Egypt": 2461.5308565559794,
  "French Southern Territories": 0,
  "New Zealand": 27474.333176931275,
  "Angola": 3988.6835572765176,
  "Slovakia": 16196.28137054405,
  "Greece": 28451.917325303202,
  "Maldives": 6208.59551044416,
  "Thailand": 3978.905381282364,
  "Ukraine": 2545.4803410734953,
  "Pitcairn": 0,
  "Tonga": 3075.8161794301013,
  "Iraq": 3701.861625780774,
  "Italy": 35073.15802178563,
  "Christmas Island": 0,
  "Papua New Guinea": 1180.4319249452224,
  "Guinea": 435.17566285432,
  "Cyprus": 21587.80979587017,
  "Denmark": 56226.58014579452,
  "Kuwait": 37160.54323964476,
  "Moldova, Republic of": 1525.526118827629,
  "Cocos (Keeling) Islands": 0,
  "Wallis and Futuna": 0,
  "Ghana": 1096.533656825736,
  "Pakistan": 988.5873474174242,
  "Cook Islands": 0,
  "Gabon": 7919.7108934820335,
  "Montenegro": 6712.623620618397,
  "Armenia": 2913.600610008409,
  "Equatorial Guinea": 15300.699702705026,
  "Guernsey": 0,
  "Croatia": 14053.78246714396,
  "Cameroon": 1102.5203940214917,
  "Zimbabwe": 475.85380494051793,
  "Sweden": 43639.54831877552,
  "Serbia": 5497.95669798708,
  "Estonia": 14505.720776119202,
  "Nigeria": 1090.7462836515297,
  "Martinique": 0,
  "Saint Vincent and the Grenadines": 6154.220233560912,
  "Mayotte": 0,
  "Solomon Islands": 1167.6526703884563,
  "Saint Helena, Ascension and Tristan da Cunha": 0,
  "Liberia": 302.28035237659105,
  "Turkmenistan": 4059.973974565562,
  "Palestine, State of": 0,
  "Turks and Caicos Islands": 0,
  "Kenya": 767.8737535148132,
  "French Polynesia": 0,
  "Peru": 4495.159279194733,
  "Dominica": 6778.660352278579,
  "Malawi": 345.194761444339,
  "Tunisia": 4177.130224188628,
  "Sao Tome and Principe": 1134.1135930274706,
  "China": 3749.2724236700496,
  "Gambia": 553.0993513605033,
  "South Georgia and the South Sandwich Islands": 0,
  "Uganda": 451.08155146581424,
  "Togo": 514.7730044596292,
  "Seychelles": 9707.265361392643,
  "Sudan": 1516.0738206087606,
  "Malta": 19636.00627665608,
  "Bahamas": 22060.92097988107,
  "Cambodia": 735.4192634679171,
  "Trinidad and Tobago": 14557.016810312523,
  "Zambia": 998.4404343084706,
  "Belgium": 43834.10285916649,
  "Anguilla": 0,
  "Iran, Islamic Republic of": 4931.282897340117,
  "Dominican Republic": 4731.601223037747,
  "Congo": 2401.298155066248,
  "Portugal": 22153.09543444225,
  "Tanzania, United Republic of": 489.6491024883001,
  "Hong Kong": 30697.340383516952,
  "Mali": 661.1317114343702,
  "Ecuador": 4236.777555320991,
  "Indonesia": 2272.0409954609913,
  "Lao People's Democratic Republic": 930.5859445207682,
  "Luxembourg": 99281.76831042884,
  "Chile": 10120.038833040417,
  "Bahrain": 19251.12373409557,
  "Macedonia, the former Yugoslav Republic of": 4433.857082251511,
  "Fiji": 3431.755880245672,
  "Niue": 0,
  "Sierra Leone": 435.10941204696104,
  "Samoa": 2712.40741492116,
  "Micronesia, Federated States of": 2668.8105055727283,
  "Korea, Democratic People's Republic of": 0,
  "Oman": 18114.478264970086,
  "Turkey": 8626.398165542858,
  "United States Minor Outlying Islands": 0,
  "Niger": 352.68511413776287,
  "Czech Republic": 18883.513425045596,
  "Guam": 0,
  "Chad": 813.7560301586676,
  "Mozambique": 414.110156010449,
  "Benin": 712.6165269864567,
  "Saint Barthélemy": 0,
  "Åland Islands": 0,
  "Romania": 8068.956729678383,
  "French Guiana": 0,
  "Algeria": 3771.2848436397003,
  "Madagascar": 419.0909428760162,
  "United States": 46998.82041530653,
  "Bolivia, Plurinational State of": 1735.143370062439,
  "Comoros": 803.486107802146,
  "Belize": 4446.6074893028945,
  "Saudi Arabia": 16013.280403288392,
  "Paraguay": 2513.6282795377087,
  "Réunion": 0,
  "Ireland": 49707.679218184385,
  "Russian Federation": 8615.658757137975,
  "Colombia": 5116.745989096439,
  "Switzerland": 65790.067349988,
  "Yemen": 1130.4764008565642,
  "Vanuatu": 2642.931498813775,
  "Malaysia": 7277.762756256495,
  "Aruba": 24639.9353260156,
  "South Africa": 5654.492377761872,
  "Albania": 3845.721719624268,
  "Sint Maarten (Dutch part)": 0,
  "San Marino": 0,
  "Austria": 45872.2209766138,
  "American Samoa": 0,
  "Monaco": 153042.3495979765,
  "Mauritania": 860.9083679101169,
  "Bermuda": 88463.31281613749,
  "Hungary": 12634.551144935023,
  "Antarctica": 0,
  "Mauritius": 6928.972012416308,
  "Argentina": 7674.342976050679,
  "Poland": 11294.86775018646,
  "Tokelau": 0,
  "South Sudan": 1245.0381710539211,
  "Georgia": 2440.9613177727674,
  "Bulgaria": 6524.156879368449,
  "Germany": 40270.162292484754,
  "Norway": 78457.421780819,
  "Japan": 39473.36290581651,
  "United Arab Emirates": 33012.815119948136,
  "Venezuela, Bolivarian Republic of": 11524.980530632432,
  "Cuba": 5499.12010336593,
  "Nauru": 0,
  "Costa Rica": 6385.542853174735,
  "Tajikistan": 668.6205460742224,
  "Sri Lanka": 2057.113672148709,
  "Holy See (Vatican City State)": 0,
  "India": 1147.2386850790083,
  "Greenland": 22507.88871552048,
  "Senegal": 1017.9686008159085,
  "Jordan": 4027.0520809155705,
  "Eritrea": 334.06488515129575,
  "Namibia": 4133.058699471531,
  "Korea, Republic of": 16958.63928698884,
  "Myanmar": 0,
  "Uruguay": 8995.692612204179,
  "Libya": 10455.574867394533,
  "Andorra": 0,
  "Rwanda": 498.8454588038806,
  "Saint Kitts and Nevis": 13316.33948982521,
  "Saint Lucia": 6700.514448038241,
  "Faroe Islands": 44317.305892908065,
  "Swaziland": 2693.5160414020456,
  "Jersey": 0,
  "Brazil": 8373.33974249071,
  "Western Sahara": 0,
  "Qatar": 62527.63527092583,
  "Tuvalu": 2763.1844200252654,
  "Spain": 31368.510763170874,
  "Palau": 9709.267999428628,
  "Curaçao": 0,
  "Bhutan": 1795.0475012889083,
  "Israel": 27491.51330399754,
  "Brunei Darussalam": 27212.05637344371,
  "Azerbaijan": 4950.294791423749,
  "Nepal": 484.26681403305327,
  "Ethiopia": 332.04544075749067,
  "Honduras": 1939.2824553684254,
  "Svalbard and Jan Mayen": 0,
  "Viet Nam": 1232.3696711881082,
  "Australia": 42721.88493845175,
  "Heard Island and McDonald Islands": 0,
  "Netherlands": 48173.906573578366,
  "Northern Mariana Islands": 0,
  "Gibraltar": 0,
  "Somalia": 0,
  "New Caledonia": 0,
  "Antigua and Barbuda": 14589.595266297565,
  "Isle of Man": 0,
  "Finland": 44837.71087464634,
  "Lithuania": 11649.434626876811,
  "Suriname": 7450.23258813043,
  "Jamaica": 4491.472742993474,
  "United Kingdom": 35476.35254129315,